{
  "Al\u00e9atoire": {
    "reward_mean": 5127.90421375,
    "reward_std": 181.19071880622477,
    "total_arrived_mean": 1332.22,
    "total_arrived_std": 36.70547098185773,
    "mean_queue_mean": 43.25527222222223,
    "mean_queue_std": 0.4375896821308835,
    "mean_waiting_mean": 5840.520216666666,
    "mean_waiting_std": 66.03985606468345,
    "steps_mean": 3600.0,
    "steps_std": 0.0,
    "phases_used_mean": 8.0
  },
  "Fixe-15s": {
    "reward_mean": 5084.72134125,
    "reward_std": 167.87069318880543,
    "total_arrived_mean": 1319.88,
    "total_arrived_std": 33.07484845014411,
    "mean_queue_mean": 44.9359388888889,
    "mean_queue_std": 0.47972030460274245,
    "mean_waiting_mean": 5911.340205555556,
    "mean_waiting_std": 60.138115881786185,
    "steps_mean": 3600.0,
    "steps_std": 0.0,
    "phases_used_mean": 8.0
  },
  "Fixe-30s": {
    "reward_mean": 5062.093922499999,
    "reward_std": 166.63835257392995,
    "total_arrived_mean": 1325.68,
    "total_arrived_std": 34.557453609894345,
    "mean_queue_mean": 48.7958,
    "mean_queue_std": 0.674389357168193,
    "mean_waiting_mean": 6162.295122222222,
    "mean_waiting_std": 71.15632139969219,
    "steps_mean": 3600.0,
    "steps_std": 0.0,
    "phases_used_mean": 8.0
  },
  "Fixe-60s": {
    "reward_mean": 4693.83657,
    "reward_std": 177.68601458145417,
    "total_arrived_mean": 1305.62,
    "total_arrived_std": 37.35071083660925,
    "mean_queue_mean": 56.57926111111111,
    "mean_queue_std": 1.0217792754236041,
    "mean_waiting_mean": 7218.4243,
    "mean_waiting_std": 131.9996749554925,
    "steps_mean": 3600.0,
    "steps_std": 0.0,
    "phases_used_mean": 8.0
  },
  "MaxPressure": {
    "reward_mean": 5118.32915125,
    "reward_std": 154.27560649615836,
    "total_arrived_mean": 1332.3,
    "total_arrived_std": 30.621724314610372,
    "mean_queue_mean": 43.348744444444456,
    "mean_queue_std": 0.49853360969948757,
    "mean_waiting_mean": 5865.020216666668,
    "mean_waiting_std": 61.27144004662122,
    "steps_mean": 3600.0,
    "steps_std": 0.0,
    "phases_used_mean": 8.0
  },
  "Actuated": {
    "reward_mean": 1695.9468924999999,
    "reward_std": 160.50930407277886,
    "total_arrived_mean": 943.86,
    "total_arrived_std": 24.176856702226612,
    "mean_queue_mean": 80.88178888888889,
    "mean_queue_std": 0.5882604565083044,
    "mean_waiting_mean": 12131.426477777779,
    "mean_waiting_std": 434.4914969947929,
    "steps_mean": 3600.0,
    "steps_std": 0.0,
    "phases_used_mean": 1.0
  },
  "QLearning": {
    "reward_mean": 1679.201547499999,
    "reward_std": 197.07132389702673,
    "total_arrived_mean": 945.32,
    "total_arrived_std": 27.48413360468181,
    "mean_queue_mean": 81.07056666666666,
    "mean_queue_std": 0.5836034267831933,
    "mean_waiting_mean": 12232.255233333331,
    "mean_waiting_std": 513.4840050821133,
    "steps_mean": 3600.0,
    "steps_std": 0.0,
    "phases_used_mean": 1.0
  },
  "DQN": {
    "reward_mean": 8191.636742500002,
    "reward_std": 180.12182915020412,
    "total_arrived_mean": 1699.42,
    "total_arrived_std": 34.85690175560645,
    "mean_queue_mean": 14.615983333333334,
    "mean_queue_std": 2.4040442180833534,
    "mean_waiting_mean": 612.7352,
    "mean_waiting_std": 213.2442586005081,
    "steps_mean": 3600.0,
    "steps_std": 0.0,
    "phases_used_mean": 8.0
  },
  "PPO": {
    "reward_mean": 8150.414358749999,
    "reward_std": 193.33563434593884,
    "total_arrived_mean": 1692.9,
    "total_arrived_std": 39.90952267316661,
    "mean_queue_mean": 14.833144444444446,
    "mean_queue_std": 1.7979404630758582,
    "mean_waiting_mean": 619.4058499999999,
    "mean_waiting_std": 141.76568634874337,
    "steps_mean": 3600.0,
    "steps_std": 0.0,
    "phases_used_mean": 6.88
  }
}