{
  "Al\u00e9atoire": {
    "mean_waiting_mean": 5827.950796296296,
    "mean_waiting_std": 74.41009946399366,
    "steps_mean": 3600.0,
    "steps_std": 0.0,
    "mean_queue_mean": 43.1212962962963,
    "mean_queue_std": 0.5001072381570415,
    "total_arrived_mean": 1327.7333333333333,
    "total_arrived_std": 46.93039763545822,
    "reward_mean": 5107.235237499994,
    "reward_std": 246.47985786813163,
    "phases_used_mean": 8.0
  },
  "Fixe-15s": {
    "mean_waiting_mean": 5880.78911111111,
    "mean_waiting_std": 72.59958613268984,
    "steps_mean": 3600.0,
    "steps_std": 0.0,
    "mean_queue_mean": 44.78588888888888,
    "mean_queue_std": 0.4824036738321427,
    "total_arrived_mean": 1339.2666666666667,
    "total_arrived_std": 38.838926635815035,
    "reward_mean": 5189.171700000003,
    "reward_std": 204.1031368758796,
    "phases_used_mean": 8.0
  },
  "Fixe-30s": {
    "mean_waiting_mean": 6184.263037037036,
    "mean_waiting_std": 65.41789592660153,
    "steps_mean": 3600.0,
    "steps_std": 0.0,
    "mean_queue_mean": 49.024,
    "mean_queue_std": 0.6031243567556649,
    "total_arrived_mean": 1326.8,
    "total_arrived_std": 29.022290284078775,
    "reward_mean": 5061.798483333335,
    "reward_std": 139.88374631064679,
    "phases_used_mean": 8.0
  },
  "Fixe-60s": {
    "mean_waiting_mean": 7233.021833333332,
    "mean_waiting_std": 130.42314506126908,
    "steps_mean": 3600.0,
    "steps_std": 0.0,
    "mean_queue_mean": 56.618648148148154,
    "mean_queue_std": 1.0182483894310257,
    "total_arrived_mean": 1300.7333333333333,
    "total_arrived_std": 45.28791842815869,
    "reward_mean": 4666.640212499999,
    "reward_std": 218.16306566451004,
    "phases_used_mean": 8.0
  },
  "MaxPressure": {
    "mean_waiting_mean": 5859.435703703705,
    "mean_waiting_std": 62.30330080924302,
    "steps_mean": 3600.0,
    "steps_std": 0.0,
    "mean_queue_mean": 43.435944444444445,
    "mean_queue_std": 0.33997796769572924,
    "total_arrived_mean": 1347.6,
    "total_arrived_std": 28.056609441151892,
    "reward_mean": 5196.85400833333,
    "reward_std": 140.0151863161545,
    "phases_used_mean": 8.0
  },
  "Actuated": {
    "mean_waiting_mean": 12231.97383333333,
    "mean_waiting_std": 528.5863463976985,
    "steps_mean": 3600.0,
    "steps_std": 0.0,
    "mean_queue_mean": 80.89087037037037,
    "mean_queue_std": 0.6614262621595465,
    "total_arrived_mean": 962.7333333333333,
    "total_arrived_std": 23.962377919471088,
    "reward_mean": 1768.7118458333332,
    "reward_std": 204.28251469425635,
    "phases_used_mean": 1.0
  },
  "DQN": {
    "mean_waiting_mean": 740.0152407407409,
    "mean_waiting_std": 322.4393421983636,
    "steps_mean": 3600.0,
    "steps_std": 0.0,
    "mean_queue_mean": 15.868425925925926,
    "mean_queue_std": 3.040388501387446,
    "total_arrived_mean": 1699.4,
    "total_arrived_std": 32.64516299035229,
    "reward_mean": 8161.685529166669,
    "reward_std": 201.10187812033132,
    "phases_used_mean": 8.0
  },
  "PPO": {
    "mean_waiting_mean": 1507.8913148148151,
    "mean_waiting_std": 58.2988730676811,
    "steps_mean": 3600.0,
    "steps_std": 0.0,
    "mean_queue_mean": 17.089796296296296,
    "mean_queue_std": 0.41809527271241864,
    "total_arrived_mean": 1622.6666666666667,
    "total_arrived_std": 51.955964260344764,
    "reward_mean": 7595.052829166667,
    "reward_std": 266.48752013769206,
    "phases_used_mean": 7.266666666666667
  }
}